index,lang_id
1,nso
2,nbl
3,afr
4,ven
5,ven
6,afr
7,afr
8,eng
9,sot
10,xho
11,sot
12,afr
13,xho
14,zul
15,nbl
16,zul
17,eng
18,afr
19,sot
20,ssw
21,sot
22,eng
23,afr
24,nbl
25,sot
26,ven
27,tsn
28,ssw
29,ven
30,xho
31,xho
32,nso
33,nbl
34,afr
35,ven
36,nso
37,nso
38,tsn
39,afr
40,afr
41,tsn
42,ven
43,tso
44,xho
45,nbl
46,zul
47,tsn
48,tsn
49,zul
50,sot
51,afr
52,nbl
53,afr
54,eng
55,tso
56,ven
57,nso
58,tsn
59,xho
60,ven
61,ssw
62,sot
63,nso
64,zul
65,sot
66,eng
67,afr
68,sot
69,xho
70,tsn
71,nso
72,tsn
73,tsn
74,zul
75,afr
76,sot
77,eng
78,sot
79,nso
80,tso
81,tso
82,zul
83,sot
84,xho
85,eng
86,zul
87,afr
88,afr
89,tsn
90,tsn
91,zul
92,tsn
93,nbl
94,nso
95,ven
96,nbl
97,eng
98,ven
99,zul
100,ssw
101,eng
102,nso
103,nso
104,xho
105,tsn
106,ssw
107,nso
108,tsn
109,eng
110,ven
111,xho
112,tsn
113,ven
114,tsn
115,ssw
116,nbl
117,nso
118,ssw
119,zul
120,ven
121,sot
122,ssw
123,ssw
124,ssw
125,nbl
126,xho
127,nso
128,eng
129,nbl
130,tso
131,sot
132,nbl
133,zul
134,eng
135,afr
136,zul
137,xho
138,tsn
139,zul
140,tsn
141,nso
142,nbl
143,ven
144,tso
145,tso
146,eng
147,ssw
148,tso
149,nso
150,afr
151,ven
152,eng
153,ssw
154,afr
155,tso
156,nso
157,zul
158,nbl
159,afr
160,zul
161,zul
162,tsn
163,eng
164,eng
165,ven
166,eng
167,afr
168,ven
169,xho
170,ssw
171,ven
172,nbl
173,eng
174,ssw
175,xho
176,sot
177,ven
178,ven
179,eng
180,zul
181,tso
182,sot
183,zul
184,afr
185,ven
186,ven
187,eng
188,tso
189,eng
190,nso
191,tsn
192,sot
193,ssw
194,eng
195,afr
196,nso
197,tso
198,ven
199,xho
200,eng
201,afr
202,afr
203,nso
204,tsn
205,xho
206,tso
207,nbl
208,nso
209,xho
210,eng
211,afr
212,afr
213,tso
214,tso
215,ven
216,xho
217,tsn
218,ven
219,xho
220,tso
221,zul
222,ven
223,afr
224,tsn
225,eng
226,ssw
227,ven
228,eng
229,ssw
230,ssw
231,tso
232,nbl
233,tso
234,tso
235,eng
236,xho
237,sot
238,nbl
239,sot
240,tso
241,ssw
242,eng
243,ssw
244,zul
245,tso
246,ssw
247,sot
248,ssw
249,ven
250,nbl
251,tso
252,afr
253,xho
254,nso
255,ssw
256,ssw
257,tsn
258,nbl
259,sot
260,tsn
261,afr
262,tso
263,nso
264,eng
265,tsn
266,eng
267,afr
268,xho
269,xho
270,afr
271,afr
272,ven
273,tsn
274,tsn
275,nbl
276,sot
277,sot
278,tsn
279,afr
280,afr
281,nso
282,zul
283,ven
284,sot
285,zul
286,eng
287,xho
288,nso
289,xho
290,eng
291,afr
292,tso
293,ven
294,tso
295,ven
296,sot
297,tsn
298,afr
299,ssw
300,ven
301,ven
302,afr
303,tso
304,nbl
305,sot
306,nbl
307,tso
308,zul
309,afr
310,ssw
311,ven
312,zul
313,xho
314,tsn
315,afr
316,ssw
317,tso
318,tso
319,ssw
320,sot
321,ssw
322,afr
323,nso
324,nbl
325,nso
326,sot
327,eng
328,nbl
329,nso
330,zul
331,ven
332,afr
333,zul
334,xho
335,eng
336,tso
337,ssw
338,ven
339,nso
340,eng
341,afr
342,xho
343,zul
344,afr
345,ssw
346,tsn
347,eng
348,ven
349,tso
350,zul
351,eng
352,tsn
353,ssw
354,afr
355,eng
356,ssw
357,nbl
358,ssw
359,ven
360,eng
361,afr
362,nbl
363,nso
364,tsn
365,zul
366,tso
367,tso
368,zul
369,xho
370,sot
371,tsn
372,eng
373,nso
374,sot
375,eng
376,xho
377,zul
378,tsn
379,xho
380,nbl
381,nso
382,eng
383,ssw
384,afr
385,ven
386,ssw
387,xho
388,zul
389,sot
390,ven
391,xho
392,ven
393,eng
394,sot
395,tso
396,tsn
397,tsn
398,ssw
399,zul
400,ssw
401,zul
402,ven
403,ven
404,ssw
405,nso
406,tso
407,tsn
408,eng
409,sot
410,tso
411,ven
412,nbl
413,nbl
414,ven
415,zul
416,xho
417,ven
418,ven
419,eng
420,afr
421,xho
422,zul
423,zul
424,nso
425,xho
426,tsn
427,tso
428,xho
429,zul
430,tso
431,ven
432,tsn
433,sot
434,ven
435,zul
436,ssw
437,nso
438,zul
439,ssw
440,nbl
441,eng
442,ven
443,tso
444,afr
445,ssw
446,eng
447,nbl
448,xho
449,afr
450,xho
451,ven
452,sot
453,xho
454,tsn
455,ssw
456,nbl
457,afr
458,zul
459,nso
460,nso
461,nbl
462,nso
463,tso
464,tsn
465,nbl
466,sot
467,afr
468,zul
469,sot
470,ven
471,afr
472,nso
473,tso
474,xho
475,afr
476,tsn
477,eng
478,nso
479,nbl
480,tso
481,ven
482,nso
483,ven
484,zul
485,afr
486,eng
487,nso
488,xho
489,afr
490,ven
491,ssw
492,sot
493,nbl
494,tso
495,eng
496,afr
497,ven
498,afr
499,ssw
500,zul
501,ven
502,ssw
503,xho
504,afr
505,eng
506,xho
507,ven
508,nbl
509,nbl
510,nso
511,eng
512,ven
513,sot
514,xho
515,ssw
516,tso
517,nso
518,zul
519,nbl
520,ssw
521,tso
522,tsn
523,xho
524,nbl
525,nso
526,nbl
527,nbl
528,xho
529,nso
530,ssw
531,xho
532,afr
533,eng
534,tsn
535,xho
536,zul
537,xho
538,ven
539,ven
540,ven
541,tsn
542,nso
543,tsn
544,eng
545,ven
546,tsn
547,eng
548,xho
549,sot
550,eng
551,ssw
552,sot
553,eng
554,ssw
555,tsn
556,sot
557,sot
558,ssw
559,tso
560,eng
561,ssw
562,eng
563,ven
564,nso
565,tso
566,tsn
567,xho
568,ssw
569,afr
570,eng
571,ssw
572,xho
573,eng
574,nbl
575,sot
576,ssw
577,ssw
578,ssw
579,afr
580,afr
581,eng
582,eng
583,nbl
584,nbl
585,xho
586,ven
587,xho
588,nso
589,zul
590,ssw
591,afr
592,nso
593,eng
594,zul
595,tso
596,tsn
597,ssw
598,ssw
599,tsn
600,ven
601,ssw
602,tsn
603,afr
604,afr
605,ssw
606,nso
607,sot
608,nbl
609,xho
610,sot
611,tso
612,ven
613,nso
614,sot
615,eng
616,eng
617,ssw
618,sot
619,sot
620,eng
621,sot
622,sot
623,ssw
624,nso
625,eng
626,tso
627,tso
628,ssw
629,nbl
630,nbl
631,nso
632,xho
633,sot
634,xho
635,xho
636,zul
637,ven
638,zul
639,nso
640,zul
641,ssw
642,tsn
643,zul
644,afr
645,ven
646,zul
647,eng
648,tsn
649,ven
650,zul
651,sot
652,xho
653,xho
654,afr
655,tso
656,sot
657,sot
658,zul
659,eng
660,eng
661,ven
662,zul
663,nso
664,eng
665,tsn
666,zul
667,afr
668,ven
669,nbl
670,sot
671,tsn
672,eng
673,nbl
674,sot
675,xho
676,sot
677,tso
678,ven
679,xho
680,ssw
681,eng
682,sot
683,xho
684,zul
685,tsn
686,afr
687,eng
688,zul
689,eng
690,tsn
691,eng
692,ven
693,zul
694,xho
695,eng
696,xho
697,ssw
698,afr
699,eng
700,nbl
701,tsn
702,zul
703,afr
704,ven
705,xho
706,sot
707,ssw
708,sot
709,zul
710,nso
711,tso
712,nso
713,eng
714,ssw
715,zul
716,tso
717,tsn
718,tso
719,afr
720,xho
721,nbl
722,nbl
723,eng
724,ven
725,zul
726,zul
727,zul
728,nso
729,eng
730,afr
731,nbl
732,afr
733,nso
734,ven
735,tso
736,eng
737,tsn
738,xho
739,sot
740,xho
741,nbl
742,tso
743,tsn
744,tsn
745,ssw
746,eng
747,sot
748,tsn
749,zul
750,ven
751,zul
752,zul
753,zul
754,xho
755,zul
756,tsn
757,afr
758,afr
759,ssw
760,tsn
761,xho
762,zul
763,afr
764,xho
765,tsn
766,zul
767,afr
768,eng
769,sot
770,ssw
771,nbl
772,tso
773,ssw
774,zul
775,nso
776,nbl
777,nso
778,zul
779,zul
780,nso
781,tsn
782,sot
783,tso
784,xho
785,xho
786,ssw
787,afr
788,tso
789,eng
790,sot
791,tso
792,xho
793,tso
794,sot
795,ssw
796,zul
797,eng
798,ven
799,sot
800,ssw
801,tso
802,ven
803,zul
804,ssw
805,xho
806,afr
807,nbl
808,ssw
809,xho
810,eng
811,nso
812,tso
813,ven
814,ssw
815,nbl
816,ven
817,afr
818,eng
819,tso
820,afr
821,ven
822,tso
823,zul
824,tsn
825,eng
826,tsn
827,nso
828,nso
829,nbl
830,eng
831,zul
832,ssw
833,eng
834,afr
835,ven
836,nbl
837,tso
838,tso
839,ven
840,nbl
841,tso
842,ssw
843,ssw
844,ssw
845,afr
846,nbl
847,nso
848,tsn
849,sot
850,ven
851,nbl
852,eng
853,afr
854,eng
855,ssw
856,eng
857,eng
858,tsn
859,ssw
860,tsn
861,ssw
862,nso
863,zul
864,tso
865,tsn
866,sot
867,xho
868,sot
869,tso
870,xho
871,ven
872,ven
873,ssw
874,afr
875,xho
876,nbl
877,tsn
878,tsn
879,ven
880,ssw
881,ven
882,ven
883,ven
884,ssw
885,nbl
886,tsn
887,tsn
888,sot
889,tso
890,tsn
891,xho
892,afr
893,eng
894,ven
895,nso
896,tso
897,ssw
898,sot
899,zul
900,tso
901,tso
902,zul
903,tso
904,nbl
905,tsn
906,sot
907,nbl
908,ven
909,sot
910,zul
911,zul
912,sot
913,afr
914,eng
915,nbl
916,xho
917,tsn
918,eng
919,sot
920,nso
921,zul
922,nbl
923,sot
924,tso
925,eng
926,tsn
927,xho
928,eng
929,xho
930,afr
931,nso
932,xho
933,eng
934,sot
935,eng
936,ssw
937,tsn
938,tso
939,nbl
940,ven
941,zul
942,nbl
943,eng
944,sot
945,afr
946,nso
947,ven
948,xho
949,nso
950,ssw
951,ven
952,tso
953,nso
954,sot
955,nso
956,zul
957,tso
958,zul
959,sot
960,tso
961,ssw
962,afr
963,afr
964,ven
965,tso
966,ssw
967,sot
968,ven
969,tsn
970,ssw
971,sot
972,nbl
973,tsn
974,xho
975,sot
976,eng
977,ven
978,xho
979,nso
980,xho
981,tso
982,sot
983,nso
984,ssw
985,tsn
986,eng
987,sot
988,ven
989,tsn
990,tsn
991,ven
992,ssw
993,zul
994,eng
995,nso
996,ven
997,ven
998,ven
999,afr
1000,ssw
1001,afr
1002,nbl
1003,ssw
1004,afr
1005,ssw
1006,xho
1007,tso
1008,tsn
1009,sot
1010,zul
1011,tso
1012,nso
1013,tsn
1014,eng
1015,zul
1016,tso
1017,eng
1018,xho
1019,afr
1020,sot
1021,sot
1022,nbl
1023,nso
1024,zul
1025,ssw
1026,tso
1027,xho
1028,tsn
1029,nso
1030,sot
1031,ssw
1032,eng
1033,ssw
1034,nso
1035,sot
1036,ssw
1037,nbl
1038,eng
1039,tsn
1040,tsn
1041,ven
1042,tsn
1043,nbl
1044,xho
1045,zul
1046,ssw
1047,nbl
1048,tso
1049,afr
1050,ven
1051,nbl
1052,ssw
1053,tsn
1054,ssw
1055,tsn
1056,xho
1057,xho
1058,sot
1059,sot
1060,ssw
1061,tso
1062,afr
1063,nso
1064,tsn
1065,ssw
1066,sot
1067,ven
1068,ven
1069,tso
1070,zul
1071,zul
1072,afr
1073,afr
1074,ssw
1075,tsn
1076,eng
1077,nbl
1078,tso
1079,ven
1080,nso
1081,tsn
1082,tsn
1083,ssw
1084,zul
1085,sot
1086,eng
1087,eng
1088,sot
1089,nbl
1090,nso
1091,afr
1092,eng
1093,tsn
1094,zul
1095,nso
1096,tsn
1097,nso
1098,eng
1099,afr
1100,nso
1101,zul
1102,sot
1103,tso
1104,sot
1105,eng
1106,sot
1107,ssw
1108,afr
1109,nbl
1110,nso
1111,zul
1112,zul
1113,afr
1114,tso
1115,tso
1116,tso
1117,xho
1118,ven
1119,xho
1120,xho
1121,sot
1122,tsn
1123,tsn
1124,sot
1125,xho
1126,ven
1127,nbl
1128,ssw
1129,tso
1130,afr
1131,tso
1132,zul
1133,zul
1134,afr
1135,tso
1136,xho
1137,ven
1138,nso
1139,ven
1140,sot
1141,afr
1142,ven
1143,nbl
1144,ven
1145,sot
1146,nbl
1147,tsn
1148,xho
1149,ssw
1150,nso
1151,nso
1152,ven
1153,eng
1154,nbl
1155,xho
1156,nbl
1157,eng
1158,sot
1159,eng
1160,nso
1161,tso
1162,ssw
1163,eng
1164,eng
1165,tsn
1166,sot
1167,zul
1168,nso
1169,tsn
1170,afr
1171,zul
1172,afr
1173,tsn
1174,ven
1175,xho
1176,tsn
1177,tsn
1178,afr
1179,nbl
1180,nbl
1181,xho
1182,zul
1183,sot
1184,nbl
1185,nso
1186,sot
1187,zul
1188,xho
1189,ven
1190,eng
1191,afr
1192,eng
1193,sot
1194,zul
1195,nbl
1196,tso
1197,sot
1198,sot
1199,ssw
1200,afr
1201,nso
1202,tso
1203,sot
1204,eng
1205,nbl
1206,afr
1207,sot
1208,ssw
1209,tso
1210,sot
1211,xho
1212,nso
1213,tso
1214,sot
1215,nso
1216,nso
1217,nso
1218,ven
1219,ven
1220,zul
1221,tsn
1222,zul
1223,zul
1224,nbl
1225,nbl
1226,sot
1227,nso
1228,afr
1229,zul
1230,afr
1231,nso
1232,ssw
1233,ven
1234,xho
1235,eng
1236,afr
1237,zul
1238,xho
1239,zul
1240,tsn
1241,afr
1242,tsn
1243,afr
1244,nso
1245,nbl
1246,ssw
1247,afr
1248,sot
1249,eng
1250,nso
1251,eng
1252,eng
1253,eng
1254,tso
1255,ven
1256,tso
1257,nbl
1258,ssw
1259,zul
1260,zul
1261,afr
1262,tso
1263,ven
1264,nbl
1265,xho
1266,zul
1267,sot
1268,eng
1269,zul
1270,tso
1271,xho
1272,zul
1273,ven
1274,afr
1275,sot
1276,nbl
1277,ssw
1278,afr
1279,ven
1280,zul
1281,afr
1282,eng
1283,nbl
1284,eng
1285,afr
1286,tso
1287,afr
1288,nso
1289,ven
1290,tsn
1291,ven
1292,sot
1293,ven
1294,tso
1295,tso
1296,ssw
1297,ssw
1298,zul
1299,tso
1300,nbl
1301,afr
1302,nbl
1303,afr
1304,nbl
1305,sot
1306,tsn
1307,eng
1308,nso
1309,afr
1310,nbl
1311,tso
1312,zul
1313,zul
1314,tso
1315,afr
1316,tsn
1317,eng
1318,xho
1319,xho
1320,tso
1321,ven
1322,nso
1323,afr
1324,eng
1325,nbl
1326,ssw
1327,zul
1328,sot
1329,ven
1330,zul
1331,ven
1332,afr
1333,tsn
1334,tsn
1335,tso
1336,afr
1337,sot
1338,nbl
1339,nso
1340,afr
1341,ssw
1342,zul
1343,tsn
1344,nbl
1345,tsn
1346,sot
1347,eng
1348,eng
1349,nso
1350,zul
1351,xho
1352,ssw
1353,xho
1354,tso
1355,ssw
1356,nso
1357,tsn
1358,ven
1359,tso
1360,nso
1361,afr
1362,ssw
1363,tso
1364,ven
1365,eng
1366,zul
1367,eng
1368,ven
1369,eng
1370,ssw
1371,zul
1372,nso
1373,ssw
1374,nbl
1375,xho
1376,tsn
1377,ven
1378,nso
1379,xho
1380,nso
1381,zul
1382,nso
1383,zul
1384,afr
1385,tso
1386,xho
1387,nbl
1388,tso
1389,afr
1390,afr
1391,tsn
1392,nso
1393,ven
1394,nbl
1395,ven
1396,ssw
1397,xho
1398,ven
1399,tsn
1400,afr
1401,afr
1402,nso
1403,nbl
1404,xho
1405,tsn
1406,tso
1407,zul
1408,tsn
1409,zul
1410,tsn
1411,ven
1412,zul
1413,tso
1414,sot
1415,eng
1416,eng
1417,xho
1418,sot
1419,xho
1420,ven
1421,tsn
1422,nso
1423,sot
1424,tsn
1425,ssw
1426,ven
1427,ven
1428,nso
1429,xho
1430,nbl
1431,tsn
1432,zul
1433,eng
1434,tso
1435,nbl
1436,ven
1437,sot
1438,xho
1439,nbl
1440,ssw
1441,ven
1442,ssw
1443,sot
1444,nso
1445,eng
1446,zul
1447,tso
1448,ssw
1449,tso
1450,eng
1451,afr
1452,nso
1453,xho
1454,zul
1455,tsn
1456,ssw
1457,xho
1458,tsn
1459,zul
1460,nso
1461,tsn
1462,eng
1463,ven
1464,eng
1465,tsn
1466,tsn
1467,nbl
1468,tso
1469,ssw
1470,nbl
1471,nbl
1472,eng
1473,xho
1474,zul
1475,ssw
1476,afr
1477,ssw
1478,afr
1479,nbl
1480,afr
1481,xho
1482,ssw
1483,zul
1484,nso
1485,ssw
1486,tso
1487,afr
1488,sot
1489,eng
1490,nso
1491,eng
1492,zul
1493,nbl
1494,ven
1495,eng
1496,zul
1497,zul
1498,nbl
1499,tsn
1500,zul
1501,nbl
1502,afr
1503,ven
1504,eng
1505,tso
1506,ssw
1507,nso
1508,sot
1509,ssw
1510,nbl
1511,sot
1512,sot
1513,ven
1514,tsn
1515,tsn
1516,tso
1517,afr
1518,ven
1519,ssw
1520,xho
1521,sot
1522,tsn
1523,tsn
1524,afr
1525,tsn
1526,sot
1527,ssw
1528,xho
1529,ven
1530,nbl
1531,sot
1532,ssw
1533,tso
1534,nso
1535,tso
1536,sot
1537,eng
1538,ven
1539,tso
1540,tsn
1541,eng
1542,xho
1543,ven
1544,nso
1545,tsn
1546,xho
1547,ssw
1548,ven
1549,sot
1550,ssw
1551,sot
1552,nso
1553,tsn
1554,xho
1555,tsn
1556,afr
1557,nbl
1558,ven
1559,xho
1560,sot
1561,tsn
1562,ven
1563,tso
1564,nso
1565,zul
1566,ssw
1567,ven
1568,eng
1569,nbl
1570,tso
1571,tso
1572,xho
1573,ven
1574,eng
1575,tsn
1576,afr
1577,eng
1578,tso
1579,nso
1580,nso
1581,ssw
1582,nbl
1583,sot
1584,xho
1585,nbl
1586,nso
1587,nso
1588,nso
1589,ssw
1590,eng
1591,sot
1592,ssw
1593,zul
1594,nso
1595,ven
1596,ven
1597,nbl
1598,tsn
1599,nso
1600,zul
1601,ven
1602,sot
1603,ssw
1604,tso
1605,ssw
1606,tso
1607,tso
1608,sot
1609,afr
1610,zul
1611,zul
1612,nso
1613,nbl
1614,zul
1615,eng
1616,xho
1617,nso
1618,eng
1619,afr
1620,zul
1621,nbl
1622,eng
1623,xho
1624,ssw
1625,ssw
1626,tso
1627,nso
1628,sot
1629,tso
1630,tsn
1631,nbl
1632,tsn
1633,xho
1634,tsn
1635,afr
1636,zul
1637,ssw
1638,sot
1639,zul
1640,zul
1641,nso
1642,tso
1643,ssw
1644,ssw
1645,sot
1646,tso
1647,xho
1648,nbl
1649,ven
1650,ssw
1651,nso
1652,ven
1653,sot
1654,xho
1655,nbl
1656,afr
1657,zul
1658,zul
1659,sot
1660,nso
1661,xho
1662,zul
1663,nbl
1664,sot
1665,nbl
1666,eng
1667,zul
1668,zul
1669,tsn
1670,tso
1671,nso
1672,ssw
1673,sot
1674,eng
1675,afr
1676,ven
1677,tsn
1678,xho
1679,ssw
1680,xho
1681,xho
1682,xho
1683,eng
1684,zul
1685,zul
1686,ven
1687,ven
1688,ssw
1689,ven
1690,nbl
1691,sot
1692,ven
1693,nso
1694,xho
1695,tso
1696,tsn
1697,nso
1698,tso
1699,nbl
1700,ssw
1701,eng
1702,sot
1703,nbl
1704,tsn
1705,ven
1706,ven
1707,nso
1708,tso
1709,afr
1710,ssw
1711,ven
1712,afr
1713,xho
1714,xho
1715,ssw
1716,tso
1717,tsn
1718,eng
1719,nso
1720,afr
1721,nso
1722,xho
1723,eng
1724,nso
1725,sot
1726,nbl
1727,eng
1728,ven
1729,zul
1730,nso
1731,nso
1732,zul
1733,xho
1734,eng
1735,afr
1736,nbl
1737,sot
1738,sot
1739,zul
1740,ssw
1741,sot
1742,ssw
1743,xho
1744,nbl
1745,afr
1746,zul
1747,sot
1748,sot
1749,sot
1750,ssw
1751,afr
1752,ssw
1753,zul
1754,tsn
1755,nbl
1756,tso
1757,sot
1758,tsn
1759,afr
1760,nso
1761,tsn
1762,tsn
1763,nso
1764,xho
1765,xho
1766,ven
1767,tso
1768,zul
1769,sot
1770,xho
1771,nbl
1772,nso
1773,tso
1774,tsn
1775,ssw
1776,eng
1777,eng
1778,xho
1779,xho
1780,zul
1781,nbl
1782,tso
1783,xho
1784,xho
1785,sot
1786,tsn
1787,ven
1788,nso
1789,tso
1790,afr
1791,nbl
1792,zul
1793,ven
1794,ssw
1795,ven
1796,xho
1797,sot
1798,tsn
1799,nso
1800,nbl
1801,nso
1802,nso
1803,ven
1804,afr
1805,ven
1806,tsn
1807,zul
1808,tsn
1809,nbl
1810,xho
1811,sot
1812,zul
1813,ssw
1814,tsn
1815,zul
1816,tso
1817,nbl
1818,tsn
1819,zul
1820,sot
1821,nso
1822,zul
1823,zul
1824,afr
1825,sot
1826,sot
1827,tsn
1828,nbl
1829,nso
1830,tsn
1831,tso
1832,nso
1833,zul
1834,afr
1835,afr
1836,eng
1837,afr
1838,sot
1839,zul
1840,eng
1841,nso
1842,eng
1843,ven
1844,afr
1845,zul
1846,nbl
1847,eng
1848,nso
1849,nso
1850,afr
1851,eng
1852,eng
1853,nbl
1854,sot
1855,eng
1856,ven
1857,tso
1858,afr
1859,nso
1860,xho
1861,ssw
1862,zul
1863,ssw
1864,zul
1865,sot
1866,tso
1867,nbl
1868,xho
1869,tsn
1870,nso
1871,nso
1872,xho
1873,xho
1874,ven
1875,sot
1876,afr
1877,nso
1878,ven
1879,tsn
1880,xho
1881,afr
1882,eng
1883,eng
1884,zul
1885,ssw
1886,tsn
1887,eng
1888,nso
1889,eng
1890,zul
1891,tsn
1892,zul
1893,ven
1894,tsn
1895,afr
1896,sot
1897,nso
1898,ssw
1899,sot
1900,ssw
1901,xho
1902,sot
1903,ssw
1904,xho
1905,afr
1906,eng
1907,afr
1908,eng
1909,ssw
1910,sot
1911,xho
1912,ssw
1913,zul
1914,afr
1915,zul
1916,zul
1917,afr
1918,zul
1919,nbl
1920,ven
1921,afr
1922,nbl
1923,nbl
1924,zul
1925,tso
1926,nbl
1927,tsn
1928,ssw
1929,tsn
1930,nbl
1931,sot
1932,afr
1933,afr
1934,afr
1935,sot
1936,nso
1937,tsn
1938,sot
1939,zul
1940,xho
1941,ven
1942,afr
1943,nso
1944,tso
1945,xho
1946,afr
1947,ssw
1948,tsn
1949,nso
1950,xho
1951,sot
1952,sot
1953,eng
1954,tsn
1955,tsn
1956,eng
1957,xho
1958,sot
1959,ssw
1960,tso
1961,zul
1962,zul
1963,sot
1964,nbl
1965,eng
1966,ssw
1967,zul
1968,eng
1969,tso
1970,afr
1971,ssw
1972,zul
1973,sot
1974,eng
1975,ven
1976,sot
1977,ssw
1978,sot
1979,xho
1980,eng
1981,ven
1982,tsn
1983,nbl
1984,tsn
1985,zul
1986,afr
1987,ven
1988,xho
1989,ven
1990,afr
1991,afr
1992,nso
1993,ssw
1994,tsn
1995,zul
1996,nso
1997,ssw
1998,sot
1999,nso
2000,ssw
2001,xho
2002,eng
2003,afr
2004,ven
2005,xho
2006,nso
2007,eng
2008,zul
2009,tsn
2010,ven
2011,nso
2012,xho
2013,tsn
2014,eng
2015,ven
2016,afr
2017,ssw
2018,xho
2019,tso
2020,ven
2021,tsn
2022,nbl
2023,xho
2024,xho
2025,xho
2026,afr
2027,afr
2028,nso
2029,ven
2030,nso
2031,ven
2032,tso
2033,nbl
2034,eng
2035,tsn
2036,nbl
2037,afr
2038,xho
2039,eng
2040,tso
2041,ven
2042,eng
2043,eng
2044,tso
2045,sot
2046,tsn
2047,tso
2048,xho
2049,nbl
2050,afr
2051,sot
2052,tso
2053,tso
2054,afr
2055,nbl
2056,ssw
2057,tsn
2058,tsn
2059,nso
2060,afr
2061,tsn
2062,afr
2063,sot
2064,xho
2065,nso
2066,xho
2067,zul
2068,tsn
2069,tsn
2070,ssw
2071,eng
2072,nso
2073,sot
2074,eng
2075,sot
2076,ssw
2077,afr
2078,ven
2079,zul
2080,zul
2081,xho
2082,tso
2083,tsn
2084,nbl
2085,eng
2086,ssw
2087,nbl
2088,sot
2089,zul
2090,tso
2091,tso
2092,zul
2093,ven
2094,zul
2095,nbl
2096,sot
2097,nbl
2098,zul
2099,nso
2100,nbl
2101,zul
2102,nbl
2103,afr
2104,sot
2105,eng
2106,tso
2107,zul
2108,tsn
2109,nso
2110,sot
2111,zul
2112,nso
2113,tso
2114,sot
2115,sot
2116,eng
2117,nso
2118,zul
2119,nbl
2120,sot
2121,ven
2122,afr
2123,zul
2124,eng
2125,ssw
2126,zul
2127,eng
2128,nso
2129,afr
2130,eng
2131,zul
2132,ssw
2133,xho
2134,afr
2135,zul
2136,ssw
2137,tso
2138,nso
2139,eng
2140,eng
2141,xho
2142,tsn
2143,afr
2144,eng
2145,tso
2146,afr
2147,tsn
2148,tsn
2149,zul
2150,xho
2151,sot
2152,afr
2153,eng
2154,ssw
2155,ssw
2156,afr
2157,ven
2158,ssw
2159,xho
2160,sot
2161,ssw
2162,tsn
2163,sot
2164,xho
2165,afr
2166,ssw
2167,ven
2168,ven
2169,ssw
2170,ven
2171,ssw
2172,afr
2173,ven
2174,afr
2175,nso
2176,afr
2177,nso
2178,ven
2179,tsn
2180,eng
2181,eng
2182,nso
2183,nso
2184,ven
2185,afr
2186,afr
2187,afr
2188,tsn
2189,afr
2190,eng
2191,nso
2192,tsn
2193,tsn
2194,ven
2195,xho
2196,xho
2197,tsn
2198,nbl
2199,ssw
2200,eng
2201,zul
2202,afr
2203,nso
2204,afr
2205,sot
2206,ven
2207,eng
2208,eng
2209,eng
2210,eng
2211,zul
2212,tsn
2213,xho
2214,xho
2215,eng
2216,tsn
2217,eng
2218,nbl
2219,tso
2220,ven
2221,xho
2222,tsn
2223,nbl
2224,afr
2225,ssw
2226,ven
2227,afr
2228,tsn
2229,afr
2230,xho
2231,nso
2232,tsn
2233,ven
2234,xho
2235,zul
2236,afr
2237,eng
2238,zul
2239,eng
2240,eng
2241,tso
2242,tsn
2243,sot
2244,nbl
2245,eng
2246,tsn
2247,ssw
2248,tso
2249,xho
2250,ven
2251,nbl
2252,ven
2253,sot
2254,ssw
2255,xho
2256,nbl
2257,ven
2258,zul
2259,afr
2260,afr
2261,nso
2262,ssw
2263,eng
2264,tso
2265,nso
2266,ven
2267,nbl
2268,tso
2269,xho
2270,sot
2271,eng
2272,ssw
2273,tsn
2274,zul
2275,nbl
2276,tso
2277,ven
2278,xho
2279,afr
2280,tso
2281,sot
2282,ven
2283,tso
2284,tsn
2285,zul
2286,tso
2287,afr
2288,tso
2289,nbl
2290,xho
2291,tsn
2292,sot
2293,eng
2294,tso
2295,sot
2296,tso
2297,tso
2298,nbl
2299,nbl
2300,ssw
2301,tsn
2302,nbl
2303,afr
2304,eng
2305,sot
2306,ssw
2307,xho
2308,xho
2309,tso
2310,tso
2311,xho
2312,nbl
2313,tso
2314,tso
2315,tsn
2316,nso
2317,tso
2318,xho
2319,sot
2320,nso
2321,zul
2322,ven
2323,sot
2324,afr
2325,ssw
2326,nso
2327,xho
2328,tsn
2329,nbl
2330,eng
2331,eng
2332,xho
2333,afr
2334,xho
2335,eng
2336,tsn
2337,nbl
2338,tso
2339,tso
2340,nbl
2341,eng
2342,ven
2343,xho
2344,nbl
2345,eng
2346,tsn
2347,tso
2348,tsn
2349,zul
2350,eng
2351,ven
2352,ssw
2353,ven
2354,zul
2355,nso
2356,tsn
2357,nbl
2358,sot
2359,eng
2360,nbl
2361,tsn
2362,nso
2363,ssw
2364,ven
2365,eng
2366,tsn
2367,tso
2368,tsn
2369,zul
2370,nso
2371,zul
2372,nso
2373,nbl
2374,ssw
2375,sot
2376,tsn
2377,ssw
2378,tso
2379,eng
2380,eng
2381,nbl
2382,ven
2383,nso
2384,tso
2385,nbl
2386,tso
2387,xho
2388,tsn
2389,eng
2390,eng
2391,zul
2392,nbl
2393,zul
2394,afr
2395,ssw
2396,nso
2397,ven
2398,tsn
2399,ssw
2400,eng
2401,ssw
2402,nbl
2403,zul
2404,zul
2405,nbl
2406,nso
2407,ssw
2408,nso
2409,nso
2410,tso
2411,nso
2412,nbl
2413,tsn
2414,sot
2415,ssw
2416,nso
2417,tsn
2418,zul
2419,xho
2420,eng
2421,tsn
2422,xho
2423,afr
2424,xho
2425,ven
2426,tso
2427,zul
2428,tso
2429,ssw
2430,afr
2431,sot
2432,afr
2433,ssw
2434,tso
2435,ven
2436,nso
2437,ssw
2438,xho
2439,nbl
2440,tso
2441,tsn
2442,ssw
2443,afr
2444,zul
2445,sot
2446,nso
2447,sot
2448,eng
2449,sot
2450,ven
2451,ssw
2452,eng
2453,tsn
2454,afr
2455,ven
2456,nbl
2457,ssw
2458,sot
2459,nbl
2460,nso
2461,nso
2462,afr
2463,nso
2464,nbl
2465,tsn
2466,nso
2467,nbl
2468,ssw
2469,eng
2470,xho
2471,ven
2472,xho
2473,tso
2474,nso
2475,xho
2476,eng
2477,ssw
2478,zul
2479,ssw
2480,nso
2481,ssw
2482,afr
2483,ssw
2484,tso
2485,tso
2486,ven
2487,ven
2488,zul
2489,ven
2490,tso
2491,tso
2492,tsn
2493,nbl
2494,zul
2495,xho
2496,ven
2497,sot
2498,ven
2499,afr
2500,zul
2501,ven
2502,zul
2503,eng
2504,ven
2505,xho
2506,zul
2507,ven
2508,tsn
2509,tso
2510,ssw
2511,tso
2512,ssw
2513,sot
2514,ssw
2515,tsn
2516,tsn
2517,afr
2518,xho
2519,eng
2520,zul
2521,tso
2522,sot
2523,zul
2524,ssw
2525,zul
2526,tso
2527,ven
2528,afr
2529,tso
2530,ssw
2531,sot
2532,tsn
2533,ssw
2534,nso
2535,xho
2536,nbl
2537,eng
2538,nbl
2539,afr
2540,zul
2541,afr
2542,eng
2543,tsn
2544,ssw
2545,tso
2546,zul
2547,afr
2548,xho
2549,tso
2550,afr
2551,nso
2552,tsn
2553,nso
2554,nbl
2555,zul
2556,eng
2557,nso
2558,xho
2559,nso
2560,zul
2561,afr
2562,nbl
2563,xho
2564,ven
2565,ven
2566,sot
2567,nbl
2568,ven
2569,sot
2570,xho
2571,xho
2572,eng
2573,sot
2574,afr
2575,ssw
2576,ssw
2577,tsn
2578,ssw
2579,ssw
2580,afr
2581,zul
2582,nso
2583,tso
2584,tsn
2585,xho
2586,afr
2587,zul
2588,zul
2589,ven
2590,tso
2591,sot
2592,zul
2593,tso
2594,ssw
2595,eng
2596,ven
2597,tso
2598,eng
2599,ven
2600,nbl
2601,sot
2602,tso
2603,tsn
2604,afr
2605,sot
2606,nso
2607,zul
2608,afr
2609,zul
2610,sot
2611,nso
2612,zul
2613,tsn
2614,eng
2615,tsn
2616,nso
2617,ven
2618,xho
2619,ven
2620,tso
2621,ssw
2622,afr
2623,eng
2624,afr
2625,eng
2626,xho
2627,nbl
2628,ssw
2629,zul
2630,zul
2631,tso
2632,tsn
2633,tso
2634,afr
2635,tso
2636,ven
2637,tsn
2638,nso
2639,sot
2640,zul
2641,ven
2642,zul
2643,tsn
2644,ssw
2645,nbl
2646,tso
2647,zul
2648,sot
2649,afr
2650,tso
2651,sot
2652,eng
2653,ven
2654,tsn
2655,zul
2656,afr
2657,ssw
2658,nso
2659,tso
2660,eng
2661,tso
2662,tsn
2663,nbl
2664,nso
2665,nbl
2666,nbl
2667,xho
2668,sot
2669,zul
2670,tso
2671,tso
2672,nso
2673,tso
2674,xho
2675,zul
2676,afr
2677,nso
2678,tsn
2679,zul
2680,nso
2681,afr
2682,tso
2683,sot
2684,nbl
2685,ven
2686,xho
2687,nso
2688,eng
2689,tso
2690,nbl
2691,eng
2692,ssw
2693,ven
2694,nbl
2695,afr
2696,eng
2697,ven
2698,zul
2699,zul
2700,afr
2701,xho
2702,ssw
2703,eng
2704,nbl
2705,tsn
2706,sot
2707,tso
2708,zul
2709,tso
2710,afr
2711,ssw
2712,nbl
2713,nbl
2714,xho
2715,ssw
2716,tsn
2717,afr
2718,ven
2719,xho
2720,zul
2721,nbl
2722,nso
2723,zul
2724,xho
2725,ssw
2726,zul
2727,tsn
2728,tsn
2729,xho
2730,nbl
2731,ssw
2732,ssw
2733,eng
2734,sot
2735,ssw
2736,ven
2737,sot
2738,ven
2739,xho
2740,ven
2741,nso
2742,nso
2743,tso
2744,ven
2745,ven
2746,tsn
2747,afr
2748,tsn
2749,sot
2750,ven
2751,afr
2752,eng
2753,sot
2754,xho
2755,tso
2756,nso
2757,nbl
2758,nbl
2759,nbl
2760,eng
2761,zul
2762,tso
2763,nso
2764,zul
2765,nso
2766,nso
2767,tsn
2768,ssw
2769,nbl
2770,sot
2771,tso
2772,tso
2773,eng
2774,afr
2775,ven
2776,zul
2777,ven
2778,tsn
2779,tsn
2780,eng
2781,sot
2782,nso
2783,nso
2784,ssw
2785,xho
2786,tso
2787,sot
2788,tsn
2789,nso
2790,ven
2791,ven
2792,ssw
2793,xho
2794,nso
2795,tsn
2796,tsn
2797,eng
2798,eng
2799,nso
2800,nso
2801,eng
2802,nso
2803,afr
2804,xho
2805,eng
2806,ven
2807,ssw
2808,ssw
2809,eng
2810,tsn
2811,nbl
2812,tso
2813,nso
2814,xho
2815,zul
2816,sot
2817,afr
2818,ven
2819,ssw
2820,nbl
2821,xho
2822,nso
2823,sot
2824,sot
2825,ssw
2826,ssw
2827,nso
2828,nbl
2829,xho
2830,afr
2831,tsn
2832,nbl
2833,zul
2834,ven
2835,zul
2836,nso
2837,nbl
2838,afr
2839,nso
2840,nbl
2841,nso
2842,eng
2843,xho
2844,tsn
2845,sot
2846,nbl
2847,tsn
2848,eng
2849,tsn
2850,ssw
2851,xho
2852,tsn
2853,ssw
2854,eng
2855,eng
2856,nso
2857,afr
2858,afr
2859,eng
2860,zul
2861,nso
2862,ven
2863,sot
2864,ssw
2865,ven
2866,eng
2867,eng
2868,tso
2869,xho
2870,tsn
2871,tsn
2872,tso
2873,nso
2874,eng
2875,eng
2876,sot
2877,sot
2878,nso
2879,zul
2880,eng
2881,ssw
2882,xho
2883,ssw
2884,tsn
2885,eng
2886,nbl
2887,xho
2888,tso
2889,sot
2890,sot
2891,afr
2892,ven
2893,xho
2894,nbl
2895,sot
2896,nso
2897,tsn
2898,eng
2899,zul
2900,afr
2901,afr
2902,zul
2903,nso
2904,zul
2905,tso
2906,zul
2907,eng
2908,ssw
2909,ven
2910,ssw
2911,nso
2912,tso
2913,afr
2914,ven
2915,sot
2916,tso
2917,sot
2918,zul
2919,afr
2920,xho
2921,nso
2922,ssw
2923,nbl
2924,ssw
2925,eng
2926,ven
2927,ssw
2928,eng
2929,eng
2930,nbl
2931,sot
2932,nbl
2933,tso
2934,xho
2935,afr
2936,nbl
2937,xho
2938,zul
2939,ven
2940,ssw
2941,tso
2942,zul
2943,eng
2944,sot
2945,afr
2946,sot
2947,afr
2948,nbl
2949,zul
2950,nbl
2951,sot
2952,xho
2953,xho
2954,zul
2955,ssw
2956,zul
2957,tso
2958,tsn
2959,tsn
2960,afr
2961,tso
2962,ven
2963,tsn
2964,ssw
2965,tso
2966,ssw
2967,zul
2968,nso
2969,zul
2970,xho
2971,ven
2972,eng
2973,ssw
2974,zul
2975,afr
2976,ssw
2977,ssw
2978,sot
2979,tsn
2980,nbl
2981,ssw
2982,tso
2983,nbl
2984,sot
2985,eng
2986,tso
2987,tso
2988,ven
2989,tsn
2990,nso
2991,zul
2992,sot
2993,afr
2994,xho
2995,afr
2996,ssw
2997,afr
2998,ssw
2999,afr
3000,ssw
3001,tsn
3002,zul
3003,zul
3004,nso
3005,eng
3006,tso
3007,ven
3008,ven
3009,nbl
3010,sot
3011,zul
3012,zul
3013,ssw
3014,xho
3015,eng
3016,xho
3017,zul
3018,ssw
3019,nso
3020,tso
3021,sot
3022,zul
3023,sot
3024,zul
3025,zul
3026,xho
3027,sot
3028,tso
3029,tso
3030,nso
3031,xho
3032,nbl
3033,sot
3034,xho
3035,nbl
3036,tsn
3037,zul
3038,tsn
3039,eng
3040,ven
3041,nso
3042,xho
3043,afr
3044,ven
3045,eng
3046,nbl
3047,sot
3048,eng
3049,nso
3050,nbl
3051,eng
3052,nso
3053,nso
3054,xho
3055,eng
3056,nso
3057,ssw
3058,tso
3059,afr
3060,tso
3061,zul
3062,nso
3063,sot
3064,nso
3065,sot
3066,nbl
3067,zul
3068,ven
3069,xho
3070,xho
3071,tso
3072,ssw
3073,tsn
3074,sot
3075,nbl
3076,zul
3077,tsn
3078,nso
3079,ven
3080,sot
3081,afr
3082,zul
3083,afr
3084,tsn
3085,tso
3086,tsn
3087,tsn
3088,nbl
3089,xho
3090,afr
3091,tso
3092,afr
3093,eng
3094,xho
3095,tsn
3096,nbl
3097,nso
3098,sot
3099,eng
3100,tso
3101,ven
3102,eng
3103,ssw
3104,ssw
3105,nbl
3106,ssw
3107,nbl
3108,zul
3109,eng
3110,sot
3111,zul
3112,sot
3113,ssw
3114,ssw
3115,ssw
3116,tsn
3117,tsn
3118,ssw
3119,zul
3120,ssw
3121,tso
3122,afr
3123,tso
3124,eng
3125,ven
3126,zul
3127,afr
3128,xho
3129,nso
3130,zul
3131,nso
3132,eng
3133,xho
3134,ven
3135,zul
3136,eng
3137,tsn
3138,xho
3139,afr
3140,tsn
3141,eng
3142,xho
3143,ven
3144,nbl
3145,tsn
3146,sot
3147,afr
3148,afr
3149,ven
3150,eng
3151,nso
3152,afr
3153,tsn
3154,nso
3155,sot
3156,sot
3157,tso
3158,zul
3159,zul
3160,ssw
3161,afr
3162,tsn
3163,ven
3164,afr
3165,ven
3166,ssw
3167,tsn
3168,afr
3169,afr
3170,xho
3171,zul
3172,tsn
3173,eng
3174,eng
3175,xho
3176,tsn
3177,nso
3178,nbl
3179,tsn
3180,ven
3181,tsn
3182,tso
3183,ven
3184,ven
3185,ven
3186,xho
3187,eng
3188,tso
3189,sot
3190,ven
3191,sot
3192,sot
3193,ssw
3194,nbl
3195,ssw
3196,tso
3197,sot
3198,nbl
3199,xho
3200,eng
3201,afr
3202,eng
3203,nso
3204,ssw
3205,ven
3206,tsn
3207,nso
3208,afr
3209,tso
3210,nbl
3211,nbl
3212,eng
3213,ven
3214,tso
3215,afr
3216,nso
3217,xho
3218,tsn
3219,eng
3220,afr
3221,xho
3222,afr
3223,eng
3224,afr
3225,sot
3226,nso
3227,nso
3228,eng
3229,nso
3230,nbl
3231,ven
3232,afr
3233,afr
3234,afr
3235,zul
3236,ven
3237,zul
3238,tso
3239,nso
3240,afr
3241,eng
3242,sot
3243,nbl
3244,nbl
3245,afr
3246,xho
3247,zul
3248,nbl
3249,afr
3250,eng
3251,tsn
3252,nbl
3253,eng
3254,nbl
3255,zul
3256,nbl
3257,zul
3258,nso
3259,tso
3260,xho
3261,zul
3262,nbl
3263,ssw
3264,eng
3265,ssw
3266,ssw
3267,tso
3268,zul
3269,zul
3270,tsn
3271,xho
3272,ven
3273,ssw
3274,eng
3275,afr
3276,eng
3277,tso
3278,sot
3279,nso
3280,afr
3281,afr
3282,sot
3283,nbl
3284,ssw
3285,afr
3286,tsn
3287,xho
3288,eng
3289,nso
3290,sot
3291,ven
3292,ssw
3293,xho
3294,nbl
3295,tsn
3296,nbl
3297,ven
3298,nbl
3299,tso
3300,tsn
3301,tsn
3302,ven
3303,ven
3304,xho
3305,ssw
3306,sot
3307,afr
3308,nso
3309,tso
3310,nbl
3311,tsn
3312,nso
3313,ven
3314,ven
3315,ven
3316,tso
3317,nso
3318,afr
3319,nso
3320,sot
3321,eng
3322,ven
3323,zul
3324,zul
3325,zul
3326,ven
3327,eng
3328,xho
3329,tsn
3330,sot
3331,nbl
3332,ssw
3333,tsn
3334,nso
3335,zul
3336,tsn
3337,nso
3338,xho
3339,nbl
3340,xho
3341,ssw
3342,ssw
3343,tsn
3344,xho
3345,tso
3346,tsn
3347,nso
3348,xho
3349,tso
3350,nbl
3351,ven
3352,ven
3353,tso
3354,tsn
3355,afr
3356,sot
3357,ssw
3358,eng
3359,afr
3360,xho
3361,afr
3362,ven
3363,tsn
3364,eng
3365,zul
3366,zul
3367,tsn
3368,eng
3369,tso
3370,tsn
3371,afr
3372,afr
3373,tsn
3374,ven
3375,nso
3376,tsn
3377,ven
3378,tsn
3379,zul
3380,eng
3381,ven
3382,tso
3383,nso
3384,sot
3385,ssw
3386,xho
3387,nso
3388,ssw
3389,xho
3390,sot
3391,tsn
3392,eng
3393,eng
3394,nbl
3395,xho
3396,xho
3397,afr
3398,zul
3399,nbl
3400,afr
3401,zul
3402,nso
3403,nbl
3404,tso
3405,tsn
3406,eng
3407,ssw
3408,ven
3409,ssw
3410,afr
3411,eng
3412,tsn
3413,xho
3414,tsn
3415,zul
3416,tsn
3417,sot
3418,sot
3419,nso
3420,eng
3421,ven
3422,afr
3423,ssw
3424,afr
3425,afr
3426,ven
3427,zul
3428,ven
3429,eng
3430,nso
3431,nso
3432,ven
3433,zul
3434,ven
3435,tso
3436,nbl
3437,ssw
3438,tsn
3439,ven
3440,ssw
3441,zul
3442,tsn
3443,zul
3444,tso
3445,zul
3446,zul
3447,sot
3448,nso
3449,eng
3450,ssw
3451,zul
3452,tso
3453,nbl
3454,nbl
3455,ssw
3456,xho
3457,tsn
3458,nbl
3459,nso
3460,eng
3461,ssw
3462,ssw
3463,tso
3464,nso
3465,nso
3466,nbl
3467,zul
3468,nso
3469,nso
3470,eng
3471,eng
3472,sot
3473,eng
3474,afr
3475,afr
3476,ssw
3477,afr
3478,zul
3479,afr
3480,nso
3481,xho
3482,sot
3483,zul
3484,sot
3485,tso
3486,sot
3487,tso
3488,zul
3489,ssw
3490,tsn
3491,afr
3492,tso
3493,eng
3494,afr
3495,xho
3496,ssw
3497,nso
3498,nbl
3499,nso
3500,tso
3501,xho
3502,xho
3503,tso
3504,ven
3505,nso
3506,zul
3507,tsn
3508,tso
3509,ven
3510,ven
3511,sot
3512,ven
3513,xho
3514,nbl
3515,nbl
3516,nbl
3517,ssw
3518,eng
3519,nso
3520,eng
3521,tso
3522,afr
3523,zul
3524,tso
3525,afr
3526,nbl
3527,tsn
3528,tsn
3529,zul
3530,ven
3531,sot
3532,eng
3533,xho
3534,nso
3535,nbl
3536,tsn
3537,tso
3538,eng
3539,eng
3540,tso
3541,xho
3542,xho
3543,nbl
3544,nso
3545,zul
3546,tso
3547,ven
3548,afr
3549,tso
3550,nbl
3551,tsn
3552,sot
3553,nso
3554,tso
3555,sot
3556,nso
3557,xho
3558,ssw
3559,nso
3560,ven
3561,afr
3562,zul
3563,ssw
3564,xho
3565,nso
3566,nso
3567,nso
3568,zul
3569,ven
3570,xho
3571,eng
3572,tso
3573,tso
3574,ven
3575,zul
3576,nso
3577,ven
3578,nso
3579,ven
3580,tsn
3581,ssw
3582,eng
3583,sot
3584,ven
3585,nso
3586,afr
3587,afr
3588,ven
3589,nbl
3590,tso
3591,nso
3592,xho
3593,nbl
3594,ssw
3595,eng
3596,sot
3597,nso
3598,nso
3599,sot
3600,xho
3601,zul
3602,nso
3603,eng
3604,nso
3605,afr
3606,zul
3607,ven
3608,sot
3609,xho
3610,eng
3611,tso
3612,eng
3613,tso
3614,ven
3615,nso
3616,afr
3617,sot
3618,xho
3619,tso
3620,ssw
3621,ssw
3622,zul
3623,xho
3624,ssw
3625,ssw
3626,ssw
3627,ssw
3628,nso
3629,tso
3630,nso
3631,zul
3632,tsn
3633,ssw
3634,nbl
3635,tsn
3636,nbl
3637,tsn
3638,xho
3639,sot
3640,nso
3641,nbl
3642,ven
3643,sot
3644,xho
3645,ven
3646,afr
3647,afr
3648,ven
3649,eng
3650,ven
3651,ssw
3652,ven
3653,ssw
3654,tsn
3655,nbl
3656,xho
3657,tso
3658,eng
3659,sot
3660,ssw
3661,eng
3662,afr
3663,tso
3664,eng
3665,tsn
3666,afr
3667,tsn
3668,ven
3669,ven
3670,tso
3671,afr
3672,tsn
3673,sot
3674,ven
3675,tsn
3676,eng
3677,tsn
3678,tso
3679,tso
3680,eng
3681,nbl
3682,xho
3683,sot
3684,tso
3685,eng
3686,zul
3687,afr
3688,afr
3689,ssw
3690,nbl
3691,afr
3692,ssw
3693,nbl
3694,afr
3695,ssw
3696,sot
3697,ssw
3698,tsn
3699,ssw
3700,xho
3701,ssw
3702,zul
3703,nso
3704,tso
3705,tsn
3706,nso
3707,tsn
3708,nbl
3709,eng
3710,ven
3711,ssw
3712,afr
3713,nbl
3714,nso
3715,tso
3716,zul
3717,nso
3718,tso
3719,zul
3720,tsn
3721,sot
3722,ven
3723,xho
3724,tso
3725,xho
3726,xho
3727,nso
3728,nbl
3729,tsn
3730,xho
3731,xho
3732,eng
3733,zul
3734,sot
3735,nso
3736,eng
3737,tso
3738,ssw
3739,eng
3740,afr
3741,tsn
3742,ssw
3743,sot
3744,zul
3745,xho
3746,nso
3747,nso
3748,ssw
3749,nbl
3750,ssw
3751,nbl
3752,nso
3753,tsn
3754,nbl
3755,tso
3756,afr
3757,xho
3758,tso
3759,ssw
3760,zul
3761,nbl
3762,eng
3763,ssw
3764,ssw
3765,ssw
3766,ssw
3767,zul
3768,eng
3769,ssw
3770,ven
3771,eng
3772,tso
3773,sot
3774,tso
3775,tsn
3776,eng
3777,xho
3778,sot
3779,afr
3780,nbl
3781,afr
3782,sot
3783,ssw
3784,tsn
3785,eng
3786,ven
3787,eng
3788,ven
3789,tso
3790,tsn
3791,ssw
3792,ssw
3793,nso
3794,sot
3795,eng
3796,ven
3797,tsn
3798,sot
3799,sot
3800,ssw
3801,ssw
3802,ssw
3803,eng
3804,ven
3805,zul
3806,afr
3807,nbl
3808,tso
3809,nbl
3810,afr
3811,ssw
3812,afr
3813,ssw
3814,ssw
3815,tso
3816,zul
3817,tso
3818,tsn
3819,tso
3820,xho
3821,nbl
3822,eng
3823,afr
3824,eng
3825,ven
3826,nso
3827,zul
3828,ven
3829,sot
3830,tsn
3831,nbl
3832,ssw
3833,eng
3834,nbl
3835,tsn
3836,ven
3837,zul
3838,zul
3839,zul
3840,ven
3841,tsn
3842,xho
3843,ven
3844,sot
3845,tsn
3846,sot
3847,tsn
3848,ssw
3849,tso
3850,afr
3851,ven
3852,ssw
3853,ssw
3854,tso
3855,xho
3856,tsn
3857,ssw
3858,sot
3859,tsn
3860,tso
3861,ssw
3862,ven
3863,nbl
3864,tsn
3865,tso
3866,afr
3867,nso
3868,tso
3869,ven
3870,nso
3871,sot
3872,zul
3873,afr
3874,zul
3875,afr
3876,tsn
3877,afr
3878,afr
3879,tso
3880,ssw
3881,tso
3882,ssw
3883,nso
3884,nbl
3885,ven
3886,xho
3887,eng
3888,afr
3889,xho
3890,ven
3891,nbl
3892,nso
3893,xho
3894,nso
3895,ven
3896,xho
3897,tsn
3898,zul
3899,tsn
3900,sot
3901,ven
3902,tso
3903,zul
3904,eng
3905,sot
3906,zul
3907,nbl
3908,afr
3909,nso
3910,eng
3911,eng
3912,xho
3913,xho
3914,tsn
3915,ssw
3916,xho
3917,ven
3918,tsn
3919,ven
3920,ssw
3921,tso
3922,nso
3923,ven
3924,nso
3925,tsn
3926,nbl
3927,xho
3928,zul
3929,tsn
3930,afr
3931,tsn
3932,tsn
3933,xho
3934,sot
3935,sot
3936,tsn
3937,sot
3938,ssw
3939,zul
3940,tsn
3941,sot
3942,afr
3943,sot
3944,zul
3945,eng
3946,tsn
3947,ven
3948,nso
3949,nbl
3950,xho
3951,sot
3952,xho
3953,tsn
3954,nso
3955,tsn
3956,ssw
3957,sot
3958,tsn
3959,xho
3960,eng
3961,ven
3962,zul
3963,tso
3964,tsn
3965,nso
3966,afr
3967,tsn
3968,nbl
3969,nbl
3970,tsn
3971,tsn
3972,sot
3973,afr
3974,tso
3975,ssw
3976,tsn
3977,zul
3978,xho
3979,nbl
3980,nbl
3981,afr
3982,xho
3983,sot
3984,afr
3985,eng
3986,tsn
3987,tsn
3988,xho
3989,nbl
3990,nso
3991,zul
3992,nbl
3993,nbl
3994,nso
3995,zul
3996,tsn
3997,zul
3998,nso
3999,zul
4000,tsn
4001,tsn
4002,xho
4003,ven
4004,xho
4005,tsn
4006,zul
4007,sot
4008,sot
4009,nbl
4010,xho
4011,nso
4012,tsn
4013,sot
4014,afr
4015,afr
4016,ven
4017,nbl
4018,nbl
4019,nbl
4020,sot
4021,nbl
4022,sot
4023,ssw
4024,sot
4025,sot
4026,nbl
4027,ven
4028,nbl
4029,ven
4030,zul
4031,sot
4032,zul
4033,afr
4034,tsn
4035,nbl
4036,nbl
4037,xho
4038,xho
4039,nso
4040,sot
4041,sot
4042,eng
4043,eng
4044,afr
4045,xho
4046,sot
4047,eng
4048,ven
4049,zul
4050,tso
4051,xho
4052,tso
4053,afr
4054,afr
4055,tsn
4056,eng
4057,afr
4058,tso
4059,zul
4060,xho
4061,ven
4062,ssw
4063,zul
4064,xho
4065,zul
4066,eng
4067,nso
4068,afr
4069,tso
4070,tso
4071,tso
4072,ssw
4073,tso
4074,ven
4075,afr
4076,ssw
4077,tsn
4078,afr
4079,eng
4080,tso
4081,zul
4082,tsn
4083,eng
4084,ven
4085,xho
4086,ssw
4087,zul
4088,ven
4089,xho
4090,nbl
4091,nso
4092,sot
4093,tso
4094,nbl
4095,sot
4096,sot
4097,zul
4098,nso
4099,tsn
4100,afr
4101,nbl
4102,eng
4103,afr
4104,tsn
4105,eng
4106,eng
4107,xho
4108,nbl
4109,ven
4110,nbl
4111,tso
4112,tsn
4113,zul
4114,eng
4115,zul
4116,zul
4117,tsn
4118,nbl
4119,eng
4120,zul
4121,afr
4122,nbl
4123,ven
4124,xho
4125,afr
4126,eng
4127,nso
4128,tsn
4129,afr
4130,nso
4131,nbl
4132,eng
4133,xho
4134,xho
4135,nso
4136,zul
4137,eng
4138,tsn
4139,tsn
4140,tsn
4141,sot
4142,xho
4143,ssw
4144,tso
4145,ssw
4146,ven
4147,ssw
4148,tsn
4149,ven
4150,sot
4151,tso
4152,xho
4153,nbl
4154,eng
4155,afr
4156,ven
4157,tsn
4158,eng
4159,zul
4160,tsn
4161,sot
4162,eng
4163,tsn
4164,nbl
4165,ven
4166,ssw
4167,ven
4168,nbl
4169,afr
4170,xho
4171,ven
4172,ven
4173,ssw
4174,tsn
4175,ssw
4176,xho
4177,tsn
4178,tso
4179,afr
4180,ven
4181,tso
4182,nbl
4183,tso
4184,nso
4185,tso
4186,tsn
4187,sot
4188,zul
4189,eng
4190,nso
4191,sot
4192,zul
4193,nso
4194,nbl
4195,ven
4196,ssw
4197,tso
4198,sot
4199,tso
4200,zul
4201,nso
4202,tsn
4203,tso
4204,tsn
4205,nso
4206,tso
4207,eng
4208,zul
4209,nbl
4210,ven
4211,xho
4212,nso
4213,zul
4214,sot
4215,tsn
4216,ven
4217,tsn
4218,tsn
4219,zul
4220,eng
4221,ssw
4222,afr
4223,ssw
4224,tso
4225,zul
4226,zul
4227,sot
4228,eng
4229,eng
4230,sot
4231,eng
4232,sot
4233,nso
4234,tso
4235,nso
4236,tso
4237,zul
4238,afr
4239,eng
4240,ssw
4241,sot
4242,eng
4243,afr
4244,zul
4245,nso
4246,nso
4247,tso
4248,eng
4249,sot
4250,nbl
4251,tsn
4252,tso
4253,nbl
4254,zul
4255,eng
4256,sot
4257,tso
4258,sot
4259,xho
4260,nso
4261,ssw
4262,nso
4263,xho
4264,ven
4265,ven
4266,tsn
4267,nso
4268,eng
4269,afr
4270,sot
4271,ssw
4272,eng
4273,nbl
4274,afr
4275,ven
4276,ssw
4277,eng
4278,xho
4279,xho
4280,tso
4281,sot
4282,ven
4283,nso
4284,sot
4285,xho
4286,ssw
4287,tsn
4288,ven
4289,eng
4290,ssw
4291,eng
4292,nbl
4293,ssw
4294,xho
4295,ssw
4296,eng
4297,sot
4298,sot
4299,tsn
4300,xho
4301,xho
4302,sot
4303,tso
4304,sot
4305,tso
4306,afr
4307,xho
4308,tsn
4309,zul
4310,sot
4311,xho
4312,afr
4313,nso
4314,nbl
4315,nso
4316,eng
4317,eng
4318,xho
4319,afr
4320,tsn
4321,tso
4322,nbl
4323,nbl
4324,zul
4325,sot
4326,afr
4327,zul
4328,xho
4329,nbl
4330,tso
4331,tsn
4332,nso
4333,zul
4334,zul
4335,nbl
4336,zul
4337,nbl
4338,tsn
4339,tso
4340,zul
4341,tsn
4342,ssw
4343,zul
4344,nbl
4345,tsn
4346,eng
4347,eng
4348,sot
4349,afr
4350,zul
4351,tso
4352,eng
4353,ssw
4354,ssw
4355,zul
4356,tso
4357,nbl
4358,afr
4359,tsn
4360,tsn
4361,nso
4362,zul
4363,ven
4364,xho
4365,eng
4366,ven
4367,sot
4368,nso
4369,nbl
4370,zul
4371,tso
4372,eng
4373,ssw
4374,xho
4375,zul
4376,eng
4377,xho
4378,eng
4379,ven
4380,eng
4381,tso
4382,zul
4383,xho
4384,nso
4385,ssw
4386,afr
4387,sot
4388,nbl
4389,eng
4390,eng
4391,ven
4392,nso
4393,zul
4394,tso
4395,tsn
4396,ssw
4397,nbl
4398,xho
4399,nbl
4400,tsn
4401,tso
4402,tso
4403,ssw
4404,eng
4405,ssw
4406,ssw
4407,afr
4408,eng
4409,sot
4410,tsn
4411,tso
4412,tso
4413,zul
4414,zul
4415,sot
4416,ssw
4417,zul
4418,sot
4419,zul
4420,xho
4421,tso
4422,nbl
4423,afr
4424,nbl
4425,nbl
4426,nso
4427,sot
4428,tso
4429,ven
4430,tsn
4431,afr
4432,nbl
4433,afr
4434,sot
4435,tsn
4436,ssw
4437,nso
4438,nso
4439,afr
4440,zul
4441,ven
4442,nbl
4443,ven
4444,zul
4445,ssw
4446,nbl
4447,nbl
4448,ven
4449,sot
4450,eng
4451,sot
4452,zul
4453,ssw
4454,tso
4455,tso
4456,sot
4457,tso
4458,tso
4459,tsn
4460,nbl
4461,ven
4462,tso
4463,nbl
4464,xho
4465,xho
4466,eng
4467,ssw
4468,zul
4469,ssw
4470,nbl
4471,eng
4472,nso
4473,nso
4474,eng
4475,afr
4476,sot
4477,ssw
4478,ssw
4479,ven
4480,ssw
4481,sot
4482,sot
4483,zul
4484,afr
4485,tsn
4486,ssw
4487,nbl
4488,sot
4489,xho
4490,nbl
4491,ven
4492,tso
4493,xho
4494,zul
4495,zul
4496,tso
4497,afr
4498,eng
4499,afr
4500,ssw
4501,afr
4502,ssw
4503,sot
4504,ven
4505,nso
4506,ssw
4507,tsn
4508,nbl
4509,afr
4510,nso
4511,nso
4512,nbl
4513,nbl
4514,tsn
4515,nbl
4516,afr
4517,afr
4518,tsn
4519,tso
4520,ssw
4521,ssw
4522,tso
4523,sot
4524,xho
4525,ven
4526,xho
4527,tso
4528,ssw
4529,nso
4530,ven
4531,eng
4532,nbl
4533,ven
4534,tsn
4535,sot
4536,xho
4537,xho
4538,sot
4539,zul
4540,nbl
4541,afr
4542,sot
4543,nso
4544,nso
4545,tsn
4546,xho
4547,nbl
4548,nbl
4549,sot
4550,sot
4551,nso
4552,xho
4553,tso
4554,xho
4555,eng
4556,nbl
4557,xho
4558,zul
4559,nso
4560,ven
4561,xho
4562,nbl
4563,afr
4564,sot
4565,nso
4566,ven
4567,nso
4568,sot
4569,ssw
4570,tsn
4571,xho
4572,eng
4573,afr
4574,ssw
4575,ssw
4576,ven
4577,nbl
4578,ven
4579,zul
4580,xho
4581,nso
4582,nso
4583,nbl
4584,afr
4585,nso
4586,tsn
4587,tsn
4588,zul
4589,tso
4590,zul
4591,afr
4592,xho
4593,tso
4594,nso
4595,ven
4596,ven
4597,nbl
4598,sot
4599,ssw
4600,tsn
4601,xho
4602,sot
4603,xho
4604,nso
4605,zul
4606,ssw
4607,ssw
4608,ven
4609,ven
4610,zul
4611,zul
4612,xho
4613,sot
4614,tso
4615,nso
4616,afr
4617,tso
4618,ven
4619,eng
4620,sot
4621,zul
4622,tsn
4623,zul
4624,eng
4625,sot
4626,zul
4627,xho
4628,eng
4629,zul
4630,nso
4631,eng
4632,tsn
4633,eng
4634,ssw
4635,afr
4636,tso
4637,ven
4638,afr
4639,xho
4640,tsn
4641,tsn
4642,ven
4643,nbl
4644,tso
4645,ven
4646,nbl
4647,tso
4648,eng
4649,ven
4650,nso
4651,sot
4652,ven
4653,eng
4654,eng
4655,zul
4656,eng
4657,nbl
4658,zul
4659,ven
4660,tsn
4661,afr
4662,eng
4663,nbl
4664,tso
4665,zul
4666,ven
4667,afr
4668,afr
4669,sot
4670,afr
4671,tso
4672,zul
4673,zul
4674,tsn
4675,xho
4676,ssw
4677,zul
4678,tso
4679,zul
4680,tsn
4681,ssw
4682,xho
4683,ven
4684,xho
4685,sot
4686,tso
4687,sot
4688,nbl
4689,ssw
4690,sot
4691,nso
4692,nbl
4693,sot
4694,nbl
4695,tsn
4696,nbl
4697,nso
4698,tso
4699,sot
4700,ven
4701,ssw
4702,ssw
4703,zul
4704,xho
4705,ven
4706,nbl
4707,tso
4708,ssw
4709,tsn
4710,afr
4711,nso
4712,eng
4713,ven
4714,nbl
4715,ssw
4716,ssw
4717,nbl
4718,tsn
4719,sot
4720,sot
4721,eng
4722,nso
4723,zul
4724,nso
4725,tsn
4726,tso
4727,sot
4728,sot
4729,afr
4730,ssw
4731,afr
4732,ssw
4733,ven
4734,nso
4735,tsn
4736,ven
4737,sot
4738,ssw
4739,afr
4740,afr
4741,eng
4742,nbl
4743,ssw
4744,eng
4745,tsn
4746,sot
4747,zul
4748,nbl
4749,tsn
4750,tsn
4751,afr
4752,nbl
4753,eng
4754,sot
4755,nso
4756,nbl
4757,ssw
4758,tsn
4759,nbl
4760,xho
4761,sot
4762,nso
4763,nbl
4764,tsn
4765,ven
4766,nbl
4767,sot
4768,zul
4769,sot
4770,ven
4771,eng
4772,sot
4773,ven
4774,nbl
4775,zul
4776,tso
4777,eng
4778,nso
4779,ven
4780,afr
4781,tso
4782,sot
4783,eng
4784,nso
4785,ssw
4786,afr
4787,nso
4788,nso
4789,ssw
4790,tso
4791,nbl
4792,afr
4793,nso
4794,ven
4795,afr
4796,tso
4797,xho
4798,sot
4799,afr
4800,zul
4801,ven
4802,nso
4803,eng
4804,eng
4805,xho
4806,xho
4807,nso
4808,sot
4809,tso
4810,nbl
4811,nbl
4812,sot
4813,afr
4814,zul
4815,afr
4816,afr
4817,ven
4818,tsn
4819,xho
4820,ven
4821,nbl
4822,afr
4823,eng
4824,sot
4825,afr
4826,zul
4827,eng
4828,tsn
4829,ven
4830,eng
4831,eng
4832,nbl
4833,nbl
4834,sot
4835,sot
4836,eng
4837,tsn
4838,zul
4839,afr
4840,ssw
4841,eng
4842,nbl
4843,nbl
4844,nso
4845,tsn
4846,sot
4847,xho
4848,nbl
4849,tsn
4850,xho
4851,afr
4852,eng
4853,eng
4854,xho
4855,eng
4856,sot
4857,ssw
4858,nbl
4859,nbl
4860,afr
4861,ssw
4862,nbl
4863,xho
4864,ssw
4865,ssw
4866,tsn
4867,xho
4868,afr
4869,tso
4870,afr
4871,tso
4872,tso
4873,sot
4874,afr
4875,tsn
4876,ssw
4877,eng
4878,nso
4879,ven
4880,nso
4881,ven
4882,zul
4883,ven
4884,ven
4885,xho
4886,tso
4887,eng
4888,ssw
4889,eng
4890,zul
4891,ssw
4892,eng
4893,ssw
4894,xho
4895,sot
4896,nbl
4897,nbl
4898,ssw
4899,xho
4900,sot
4901,tsn
4902,ven
4903,nbl
4904,sot
4905,afr
4906,ssw
4907,ven
4908,zul
4909,nso
4910,tso
4911,ven
4912,tsn
4913,ssw
4914,sot
4915,zul
4916,nbl
4917,xho
4918,nbl
4919,zul
4920,afr
4921,afr
4922,sot
4923,tso
4924,nbl
4925,ven
4926,eng
4927,ssw
4928,zul
4929,tsn
4930,nbl
4931,ven
4932,nso
4933,ssw
4934,eng
4935,sot
4936,tsn
4937,afr
4938,zul
4939,nso
4940,afr
4941,ven
4942,eng
4943,afr
4944,zul
4945,nbl
4946,zul
4947,afr
4948,ssw
4949,tsn
4950,sot
4951,zul
4952,nbl
4953,sot
4954,tso
4955,tsn
4956,ven
4957,ven
4958,nso
4959,afr
4960,nso
4961,tso
4962,afr
4963,nso
4964,sot
4965,nso
4966,ssw
4967,nbl
4968,nbl
4969,nso
4970,ssw
4971,ven
4972,eng
4973,xho
4974,ven
4975,ven
4976,ssw
4977,ssw
4978,afr
4979,nbl
4980,nbl
4981,nbl
4982,nso
4983,ven
4984,tsn
4985,ssw
4986,ven
4987,afr
4988,eng
4989,sot
4990,sot
4991,tsn
4992,zul
4993,nso
4994,tso
4995,xho
4996,xho
4997,tso
4998,afr
4999,ssw
5000,zul
5001,ssw
5002,ven
5003,tsn
5004,zul
5005,ssw
5006,tsn
5007,xho
5008,ven
5009,afr
5010,ssw
5011,sot
5012,nso
5013,ven
5014,sot
5015,eng
5016,ven
5017,nbl
5018,tso
5019,xho
5020,tso
5021,sot
5022,xho
5023,nso
5024,ven
5025,tso
5026,xho
5027,zul
5028,sot
5029,eng
5030,nso
5031,tsn
5032,ssw
5033,tsn
5034,xho
5035,afr
5036,ven
5037,nso
5038,zul
5039,sot
5040,ssw
5041,sot
5042,ven
5043,ssw
5044,eng
5045,zul
5046,zul
5047,nso
5048,eng
5049,tso
5050,zul
5051,nbl
5052,tsn
5053,eng
5054,tso
5055,zul
5056,eng
5057,eng
5058,tso
5059,tso
5060,tsn
5061,ven
5062,afr
5063,ven
5064,ven
5065,nso
5066,sot
5067,tso
5068,ssw
5069,zul
5070,afr
5071,nbl
5072,nso
5073,nbl
5074,afr
5075,ven
5076,zul
5077,zul
5078,ven
5079,zul
5080,tsn
5081,tso
5082,ssw
5083,nbl
5084,eng
5085,afr
5086,ven
5087,nso
5088,sot
5089,nso
5090,ssw
5091,zul
5092,afr
5093,nbl
5094,eng
5095,ven
5096,sot
5097,zul
5098,tso
5099,tsn
5100,tsn
5101,sot
5102,zul
5103,nso
5104,eng
5105,ssw
5106,ssw
5107,xho
5108,tso
5109,ven
5110,sot
5111,tso
5112,xho
5113,ven
5114,nbl
5115,tso
5116,ssw
5117,ven
5118,nso
5119,ven
5120,ssw
5121,nso
5122,sot
5123,ssw
5124,xho
5125,tsn
5126,nso
5127,sot
5128,zul
5129,ven
5130,eng
5131,sot
5132,ven
5133,ven
5134,tsn
5135,xho
5136,nso
5137,zul
5138,ssw
5139,nbl
5140,ssw
5141,sot
5142,zul
5143,nso
5144,nso
5145,sot
5146,sot
5147,nso
5148,ssw
5149,ssw
5150,xho
5151,afr
5152,nbl
5153,nbl
5154,afr
5155,afr
5156,ven
5157,sot
5158,zul
5159,ven
5160,nbl
5161,afr
5162,tsn
5163,sot
5164,nso
5165,sot
5166,eng
5167,nso
5168,xho
5169,nso
5170,xho
5171,tso
5172,afr
5173,nso
5174,nso
5175,sot
5176,zul
5177,ssw
5178,tso
5179,afr
5180,afr
5181,eng
5182,eng
5183,eng
5184,zul
5185,tsn
5186,tsn
5187,xho
5188,xho
5189,zul
5190,nso
5191,nbl
5192,xho
5193,eng
5194,xho
5195,zul
5196,afr
5197,tsn
5198,nso
5199,ven
5200,ven
5201,ssw
5202,zul
5203,nso
5204,nso
5205,tso
5206,nbl
5207,ven
5208,eng
5209,sot
5210,ven
5211,nbl
5212,xho
5213,xho
5214,afr
5215,ven
5216,zul
5217,ven
5218,afr
5219,tsn
5220,xho
5221,ssw
5222,sot
5223,eng
5224,zul
5225,tso
5226,afr
5227,ven
5228,tsn
5229,xho
5230,ven
5231,sot
5232,ssw
5233,afr
5234,xho
5235,xho
5236,ven
5237,nso
5238,nbl
5239,eng
5240,zul
5241,afr
5242,eng
5243,sot
5244,eng
5245,tsn
5246,ven
5247,afr
5248,nbl
5249,nso
5250,afr
5251,zul
5252,nbl
5253,nso
5254,ven
5255,ssw
5256,tso
5257,zul
5258,nbl
5259,zul
5260,sot
5261,ven
5262,tsn
5263,nso
5264,tsn
5265,ssw
5266,tso
5267,ven
5268,nso
5269,tsn
5270,tsn
5271,xho
5272,afr
5273,nbl
5274,eng
5275,nbl
5276,nso
5277,tsn
5278,xho
5279,afr
5280,afr
5281,tsn
5282,tso
5283,tso
5284,tso
5285,zul
5286,xho
5287,afr
5288,nso
5289,nbl
5290,nbl
5291,sot
5292,sot
5293,xho
5294,tsn
5295,nbl
5296,eng
5297,zul
5298,eng
5299,nso
5300,tso
5301,ven
5302,sot
5303,nso
5304,xho
5305,zul
5306,tsn
5307,tsn
5308,nso
5309,xho
5310,ssw
5311,afr
5312,tso
5313,ven
5314,tsn
5315,sot
5316,eng
5317,nso
5318,nso
5319,tso
5320,ssw
5321,xho
5322,sot
5323,nbl
5324,nso
5325,ssw
5326,tsn
5327,sot
5328,eng
5329,ssw
5330,afr
5331,zul
5332,afr
5333,zul
5334,sot
5335,sot
5336,xho
5337,afr
5338,ven
5339,nbl
5340,tsn
5341,tso
5342,tsn
5343,ssw
5344,afr
5345,tso
5346,xho
5347,tso
5348,sot
5349,ssw
5350,tsn
5351,ven
5352,nbl
5353,sot
5354,zul
5355,sot
5356,ssw
5357,afr
5358,nso
5359,xho
5360,afr
5361,nso
5362,sot
5363,ssw
5364,tsn
5365,tso
5366,ssw
5367,xho
5368,nbl
5369,tso
5370,eng
5371,ven
5372,tsn
5373,zul
5374,tso
5375,eng
5376,tsn
5377,xho
5378,afr
5379,tsn
5380,tso
5381,xho
5382,tsn
5383,zul
5384,afr
5385,ven
5386,ssw
5387,ssw
5388,afr
5389,nbl
5390,eng
5391,nbl
5392,eng
5393,sot
5394,nbl
5395,tso
5396,nso
5397,sot
5398,tso
5399,zul
5400,xho
5401,xho
5402,sot
5403,tso
5404,zul
5405,nso
5406,zul
5407,tsn
5408,sot
5409,tso
5410,eng
5411,zul
5412,xho
5413,tso
5414,xho
5415,nso
5416,zul
5417,xho
5418,afr
5419,ven
5420,eng
5421,tsn
5422,zul
5423,sot
5424,nbl
5425,afr
5426,zul
5427,ven
5428,ven
5429,ven
5430,afr
5431,sot
5432,nbl
5433,sot
5434,nso
5435,tso
5436,eng
5437,nso
5438,tso
5439,xho
5440,nbl
5441,ven
5442,tso
5443,tsn
5444,nso
5445,zul
5446,ven
5447,xho
5448,nso
5449,afr
5450,nso
5451,nso
5452,nbl
5453,afr
5454,nbl
5455,sot
5456,nso
5457,nso
5458,nso
5459,eng
5460,ssw
5461,xho
5462,ssw
5463,sot
5464,xho
5465,tso
5466,tsn
5467,ssw
5468,ven
5469,tso
5470,tsn
5471,nbl
5472,eng
5473,sot
5474,xho
5475,xho
5476,tso
5477,tso
5478,xho
5479,ssw
5480,eng
5481,eng
5482,ssw
5483,tso
5484,eng
5485,ven
5486,tso
5487,tso
5488,zul
5489,tsn
5490,nso
5491,eng
5492,afr
5493,sot
5494,ssw
5495,xho
5496,eng
5497,zul
5498,ssw
5499,xho
5500,nbl
5501,xho
5502,tso
5503,ssw
5504,afr
5505,xho
5506,tsn
5507,sot
5508,afr
5509,eng
5510,eng
5511,xho
5512,nso
5513,tso
5514,nbl
5515,ven
5516,ven
5517,ven
5518,eng
5519,tsn
5520,tsn
5521,eng
5522,xho
5523,eng
5524,xho
5525,sot
5526,ven
5527,nbl
5528,nbl
5529,nso
5530,tso
5531,zul
5532,xho
5533,tso
5534,ven
5535,nso
5536,afr
5537,sot
5538,ven
5539,sot
5540,nso
5541,nbl
5542,ven
5543,afr
5544,tsn
5545,nso
5546,ssw
5547,zul
5548,tso
5549,ssw
5550,tsn
5551,eng
5552,eng
5553,ven
5554,nbl
5555,xho
5556,ven
5557,nbl
5558,tsn
5559,zul
5560,nbl
5561,ven
5562,afr
5563,xho
5564,zul
5565,sot
5566,tsn
5567,tso
5568,eng
5569,ssw
5570,tso
5571,eng
5572,tso
5573,eng
5574,tsn
5575,ven
5576,xho
5577,nbl
5578,afr
5579,nbl
5580,nbl
5581,tsn
5582,eng
5583,zul
5584,afr
5585,zul
5586,ven
5587,afr
5588,tso
5589,sot
5590,sot
5591,ven
5592,nso
5593,nso
5594,nso
5595,ven
5596,tsn
5597,tso
5598,zul
5599,afr
5600,eng
5601,xho
5602,tsn
5603,afr
5604,tsn
5605,tsn
5606,nso
5607,xho
5608,ven
5609,zul
5610,xho
5611,xho
5612,ven
5613,tso
5614,tsn
5615,xho
5616,tso
5617,sot
5618,ven
5619,eng
5620,afr
5621,ssw
5622,tsn
5623,tso
5624,tsn
5625,ven
5626,ssw
5627,ssw
5628,zul
5629,zul
5630,eng
5631,afr
5632,ven
5633,ven
5634,tsn
5635,nso
5636,eng
5637,zul
5638,eng
5639,zul
5640,tso
5641,nso
5642,eng
5643,afr
5644,nso
5645,ssw
5646,afr
5647,sot
5648,xho
5649,afr
5650,ven
5651,afr
5652,sot
5653,tso
5654,nbl
5655,xho
5656,tso
5657,afr
5658,tso
5659,afr
5660,ven
5661,ven
5662,ssw
5663,xho
5664,tso
5665,tso
5666,nbl
5667,afr
5668,sot
5669,nbl
5670,xho
5671,afr
5672,sot
5673,ssw
5674,tso
5675,ssw
5676,nbl
5677,tsn
5678,ven
5679,nbl
5680,sot
5681,nso
5682,afr
